%time,field.header.seq,field.header.stamp,field.header.frame_id,field.lat,field.lon,field.alt,field.utm_east,field.utm_north,field.fix,field.zone_num,field.zone_letter
1582823984531957567,1535,1582823984528093099,,42.3397129967,-71.0924873483,0.78,327626.329331,4689615.782,4,19,T
1582823985531760651,1536,1582823985528145074,,42.339712995,-71.0924873383,0.784,327626.33015,4689615.78179,4,19,T
1582823986533422386,1537,1582823986529540061,,42.3397130267,-71.0924873817,0.785,327626.326667,4689615.7854,4,19,T
1582823987531890430,1538,1582823987528206110,,42.3397130733,-71.0924874033,0.805,327626.325009,4689615.79062,4,19,T
1582823988533369429,1539,1582823988532670974,,42.33971302,-71.0924874,0.801,327626.325138,4689615.78469,4,19,T
1582823989530299685,1540,1582823989526696920,,42.3397130217,-71.0924874033,0.809,327626.324868,4689615.78489,4,19,T
1582823990531332315,1541,1582823990528078079,,42.3397130117,-71.0924874017,0.808,327626.324978,4689615.78377,4,19,T
1582823991532447488,1542,1582823991528626918,,42.3397129867,-71.0924874433,0.822,327626.321477,4689615.78108,4,19,T
1582823992531355257,1543,1582823992527657985,,42.3397130167,-71.09248742,0.829,327626.323482,4689615.78436,4,19,T
1582823993531882742,1544,1582823993527215957,,42.3397130217,-71.0924874233,0.818,327626.323221,4689615.78493,4,19,T
1582823994531251892,1545,1582823994527748107,,42.3397130317,-71.0924874317,0.825,327626.322561,4689615.78605,4,19,T
1582823995525535512,1546,1582823995524734973,,42.3397130383,-71.0924873833,0.815,327626.326561,4689615.7867,4,19,T
1582823996535051125,1547,1582823996531003952,,42.339713,-71.09248737,0.81,327626.327555,4689615.78241,4,19,T
1582823997525674894,1548,1582823997525099039,,42.3397130533,-71.09248742,0.819,327626.323582,4689615.78844,4,19,T
1582823998532890096,1549,1582823998531128883,,42.3397130267,-71.0924874367,0.838,327626.322136,4689615.78551,4,19,T
1582823999525719725,1550,1582823999525163888,,42.3397130683,-71.0924874333,0.838,327626.322524,4689615.79013,4,19,T
1582824000531250116,1551,1582824000527745008,,42.339713045,-71.09248739,0.819,327626.32603,4689615.78745,4,19,T
1582824001522992645,1552,1582824001522454023,,42.3397130317,-71.0924874117,0.814,327626.324209,4689615.78601,4,19,T
1582824002530703689,1553,1582824002527064085,,42.33971301,-71.0924873233,0.823,327626.331427,4689615.78343,4,19,T
1582824003633004435,1554,1582824003629220962,,42.3397130433,-71.0924872983,0.781,327626.333577,4689615.78708,4,19,T
1582824004729533197,1555,1582824004727982997,,42.3397110983,-71.092481675,0.961,327626.791518,4689615.5597,5,19,T
1582824005750730766,1556,1582824005733443975,,42.3397100417,-71.0924805117,0.976,327626.884467,4689615.44001,5,19,T
1582824006928763675,1557,1582824006927716016,,42.3397092783,-71.09247952,0.737,327626.964075,4689615.35323,5,19,T
1582824007932877400,1558,1582824007929092884,,42.3397089567,-71.0924787867,0.512,327627.023609,4689615.31603,5,19,T
1582824009127504574,1559,1582824009126823902,,42.3397261317,-71.0925264083,3.597,327623.147428,4689617.31973,5,19,T
1582824009931778066,1560,1582824009927839040,,42.33970943,-71.0924784867,0.594,327627.049616,4689615.36798,5,19,T
1582824010729896830,1561,1582824010726017951,,42.33970949,-71.0924773167,0.658,327627.146166,4689615.37227,5,19,T
1582824011829862019,1562,1582824011826102972,,42.3397092167,-71.0924745183,0.871,327627.375948,4689615.33625,5,19,T
1582824012832860192,1563,1582824012829442024,,42.3397105417,-71.09247636,1.088,327627.227851,4689615.48711,5,19,T
1582824013824350691,1564,1582824013823803901,,42.3397108183,-71.09247589,1.27,327627.267326,4689615.51688,5,19,T
1582824014628750281,1565,1582824014628148078,,42.3397114083,-71.0924751583,1.383,327627.329213,4689615.58091,5,19,T
1582824015631307616,1566,1582824015630795955,,42.339711935,-71.0924746483,1.424,327627.372667,4689615.63836,5,19,T
1582824016726421143,1567,1582824016725433111,,42.33971218,-71.09247374,1.458,327627.448165,4689615.66373,5,19,T
1582824017531791054,1568,1582824017527796030,,42.339712645,-71.0924728233,1.454,327627.524952,4689615.7135,5,19,T
1582824018533049772,1569,1582824018529232978,,42.3397129933,-71.0924723117,1.501,327627.568055,4689615.75114,5,19,T
1582824019524904986,1570,1582824019524317026,,42.339713355,-71.0924719017,1.527,327627.60282,4689615.79047,5,19,T
1582824020526205117,1571,1582824020525598049,,42.3397134217,-71.0924716283,1.482,327627.625519,4689615.79732,5,19,T
1582824021532796609,1572,1582824021530067920,,42.3397134583,-71.0924715767,1.461,327627.629876,4689615.80129,5,19,T
1582824022527948260,1573,1582824022527411937,,42.3397138717,-71.09247209,1.491,327627.588716,4689615.84823,5,19,T
1582824023534708837,1574,1582824023530836105,,42.3397138417,-71.0924725033,1.461,327627.554584,4689615.84573,5,19,T
1582824023728322232,1575,1582824023727513074,,42.3398152867,-71.0925125783,1.798,327624.530384,4689627.19168,5,19,T
1582824024932322019,1576,1582824024931797981,,42.3398167333,-71.0925140467,1.844,327624.413375,4689627.3553,5,19,T
1582824026143524002,1577,1582824026143323898,,42.339817995,-71.092515475,1.84,327624.299155,4689627.49829,5,19,T
1582824027232152955,1578,1582824027228472948,,42.3398195833,-71.0925169033,1.816,327624.185829,4689627.67756,5,19,T
1582824028428038498,1579,1582824028427838087,,42.3398207433,-71.0925182383,1.795,327624.07902,4689627.80907,5,19,T
1582824029631889823,1580,1582824029628117084,,42.3398223283,-71.092519475,1.774,327623.981474,4689627.98758,5,19,T
1582824030731580562,1581,1582824030727834939,,42.339824,-71.092520515,1.775,327623.900366,4689628.17532,5,19,T
1582824031832618947,1582,1582824031828080892,,42.3398253,-71.09252189,1.712,327623.790645,4689628.32246,5,19,T
1582824033028027723,1583,1582824033027795076,,42.3398266933,-71.09252325,1.789,327623.682415,4689628.47994,5,19,T
1582824034226280356,1584,1582824034225615978,,42.3398280567,-71.0925246633,1.832,327623.569709,4689628.63419,5,19,T
1582824035324620926,1585,1582824035324100971,,42.3398295683,-71.0925257633,1.798,327623.483221,4689628.80428,5,19,T
1582824036429717064,1586,1582824036428184032,,42.3398308367,-71.0925270867,1.792,327623.37767,4689628.9478,5,19,T
1582824037533077736,1587,1582824037529002904,,42.3398322267,-71.0925281333,1.829,327623.295243,4689629.10427,5,19,T
1582824038636346432,1588,1582824038632782936,,42.33983366,-71.0925291667,1.894,327623.214033,4689629.26553,5,19,T
1582824039729169539,1589,1582824039728058099,,42.3398350333,-71.0925300833,1.863,327623.14227,4689629.41988,5,19,T
1582824040828405285,1590,1582824040826782941,,42.3398364817,-71.0925310067,1.825,327623.070163,4689629.58258,5,19,T
1582824042040026250,1591,1582824042038908004,,42.3398378783,-71.0925320367,1.837,327622.989128,4689629.73976,5,19,T
1582824042232507926,1592,1582824042228913068,,42.33995217,-71.0926044217,1.365,327617.338334,4689642.57774,5,19,T
1582824043327177958,1593,1582824043326037883,,42.33995373,-71.0926056817,1.414,327617.238798,4689642.75352,5,19,T
1582824044542995770,1594,1582824044536025047,,42.339955195,-71.092606695,1.364,327617.159322,4689642.91825,5,19,T
1582824045735065113,1595,1582824045734554052,,42.3399566833,-71.09260796,1.365,327617.059178,4689643.08608,5,19,T
1582824046926048242,1596,1582824046925025939,,42.339958255,-71.0926091933,1.386,327616.961871,4689643.26311,5,19,T
1582824048132178656,1597,1582824048131639957,,42.3399597133,-71.09261021,1.383,327616.882102,4689643.4271,5,19,T
1582824049330962135,1598,1582824049327388048,,42.3399612567,-71.09261121,1.344,327616.803939,4689643.60051,5,19,T
1582824050532546918,1599,1582824050532334089,,42.33996287,-71.0926121633,1.312,327616.729812,4689643.78159,5,19,T
1582824051731052996,1600,1582824051727376937,,42.3399644,-71.092613205,1.341,327616.64818,4689643.95359,5,19,T
1582824052938230394,1601,1582824052937701940,,42.33996581,-71.0926143717,1.336,327616.555923,4689644.11253,5,19,T
1582824054128724504,1602,1582824054127876043,,42.3399673117,-71.0926156367,1.3,327616.455815,4689644.28184,5,19,T
1582824055336519898,1603,1582824055336040019,,42.3399688467,-71.092617,1.342,327616.347698,4689644.45506,5,19,T
1582824056527199743,1604,1582824056526133060,,42.3399702867,-71.0926181167,1.345,327616.259642,4689644.61722,5,19,T
1582824057726493744,1605,1582824057725934982,,42.3399717067,-71.0926192967,1.346,327616.166313,4689644.77729,5,19,T
1582824058728559832,1606,1582824058727288961,,42.3399733783,-71.0926204717,1.381,327616.074084,4689644.9653,5,19,T
1582824059727887695,1607,1582824059726608991,,42.3399749033,-71.0926217433,1.351,327615.973491,4689645.13722,5,19,T
1582824060725309704,1608,1582824060724244117,,42.3399763267,-71.09262308,1.307,327615.867266,4689645.29798,5,19,T
1582824061941723210,1609,1582824061941282987,,42.339977825,-71.0926246833,1.299,327615.739277,4689645.46761,5,19,T
1582824063131349752,1610,1582824063127839088,,42.3401145717,-71.09267069,1.131,327612.322934,4689660.74557,5,19,T
1582824064334170860,1611,1582824064333647012,,42.34011606,-71.0926693617,1.123,327612.43643,4689660.90815,5,19,T
1582824065524820027,1612,1582824065524013042,,42.3401177017,-71.0926678967,1.125,327612.561604,4689661.08747,5,19,T
1582824066729733508,1613,1582824066729279994,,42.3401191967,-71.092666885,1.112,327612.649031,4689661.25143,5,19,T
1582824067925190019,1614,1582824067924402952,,42.34012084,-71.0926657067,1.092,327612.750594,4689661.43152,5,19,T
1582824069129229852,1615,1582824069129040002,,42.3401225833,-71.0926646833,1.094,327612.83966,4689661.62303,5,19,T
1582824070330969591,1616,1582824070327306985,,42.3401241883,-71.0926636967,1.09,327612.925329,4689661.79925,5,19,T
1582824071534839135,1617,1582824071534277915,,42.340125745,-71.0926626133,1.06,327613.018828,4689661.96991,5,19,T
1582824072724191673,1618,1582824072723182916,,42.3401273367,-71.09266142,1.055,327613.121485,4689662.14423,5,19,T
1582824073942887744,1619,1582824073942327976,,42.340128695,-71.0926603817,1.064,327613.210735,4689662.29296,5,19,T
1582824075132114120,1620,1582824075127583980,,42.3401303017,-71.09265938,1.03,327613.297644,4689662.46934,5,19,T
1582824076331279582,1621,1582824076330738067,,42.3401320467,-71.09265864,1.018,327613.363374,4689662.66161,5,19,T
1582824077525800621,1622,1582824077524888038,,42.3401336067,-71.0926578567,1.014,327613.432169,4689662.83325,5,19,T
1582824078729380304,1623,1582824078728857994,,42.340135295,-71.0926570867,0.998,327613.500215,4689663.01916,5,19,T
1582824079926248160,1624,1582824079925337076,,42.340136945,-71.0926562983,0.994,327613.569668,4689663.20078,5,19,T
1582824081133086713,1625,1582824081132953882,,42.3401386317,-71.092655305,0.992,327613.656108,4689663.38606,5,19,T
1582824082328199275,1626,1582824082327400922,,42.340140085,-71.092654505,0.954,327613.725984,4689663.54582,5,19,T
1582824083541822716,1627,1582824083541266918,,42.3401416767,-71.0926538,0.961,327613.788412,4689663.72113,5,19,T
1582824084728060836,1628,1582824084727041006,,42.34014334,-71.0926531117,0.961,327613.849663,4689663.90444,5,19,T
1582824085941174125,1629,1582824085940670013,,42.340144815,-71.092652125,0.963,327613.934976,4689664.06623,5,19,T
1582824087125595704,1630,1582824087125379085,,42.340318315,-71.0925447867,0.745,327623.251664,4689683.11447,5,19,T
1582824088234054483,1631,1582824088230459928,,42.3403200833,-71.092543855,0.767,327623.333247,4689683.30895,5,19,T
1582824089329056604,1632,1582824089327776908,,42.3403215833,-71.09254269,0.728,327623.433319,4689683.47315,5,19,T
1582824090432461890,1633,1582824090430784940,,42.3403234917,-71.0925416733,0.79,327623.522287,4689683.68299,5,19,T
1582824091529260510,1634,1582824091527973890,,42.3403250317,-71.0925405083,0.787,327623.622468,4689683.85164,5,19,T
1582824092736687757,1635,1582824092736175060,,42.3403265667,-71.0925396717,0.777,327623.695588,4689684.02039,5,19,T
1582824093827905093,1636,1582824093826513051,,42.34032824,-71.0925385683,0.787,327623.791053,4689684.20396,5,19,T
1582824094926389332,1637,1582824094925302028,,42.340329735,-71.0925374333,0.786,327623.88864,4689684.36767,5,19,T
1582824096026908525,1638,1582824096025808095,,42.3403316283,-71.0925365367,0.813,327623.967681,4689684.57609,5,19,T
1582824097124328233,1639,1582824097123755931,,42.3403335167,-71.0925355433,0.813,327624.054672,4689684.78377,5,19,T
1582824098228446230,1640,1582824098227359056,,42.340335315,-71.0925344967,0.822,327624.145811,4689684.98133,5,19,T
1582824099330875208,1641,1582824099327869892,,42.3403369067,-71.0925334,0.818,327624.240504,4689685.15585,5,19,T
1582824100429859346,1642,1582824100428590059,,42.3403385817,-71.0925324817,0.805,327624.320734,4689685.33999,5,19,T
1582824101527714289,1643,1582824101526369094,,42.3403407167,-71.0925317767,0.814,327624.384646,4689685.57563,5,19,T
1582824102634329549,1644,1582824102630723953,,42.3403421967,-71.092530895,0.826,327624.461322,4689685.73819,5,19,T
1582824103729762668,1645,1582824103728477954,,42.3403436583,-71.092529655,0.813,327624.567468,4689685.89798,5,19,T
1582824104937496297,1646,1582824104936989068,,42.34034538,-71.0925286417,0.839,327624.655651,4689686.08711,5,19,T
1582824106028173317,1647,1582824106026864051,,42.340346835,-71.092527475,0.828,327624.755737,4689686.24631,5,19,T
1582824106248130099,1648,1582824106245379924,,42.3404443967,-71.0924649967,0.857,327630.169302,4689696.95313,5,19,T
1582824107126212126,1649,1582824107125504970,,42.340445875,-71.0924640117,0.806,327630.254486,4689697.11529,5,19,T
1582824107928224664,1650,1582824107926876068,,42.34044769,-71.0924632783,0.829,327630.319858,4689697.31535,5,19,T
1582824108728088573,1651,1582824108726948022,,42.340449395,-71.092462415,0.812,327630.395638,4689697.50293,5,19,T
1582824109548277424,1652,1582824109535815000,,42.34045104,-71.092461615,0.774,327630.466037,4689697.68397,5,19,T
1582824110333650887,1653,1582824110330951929,,42.3404528633,-71.092461285,0.785,327630.498205,4689697.88577,5,19,T
1582824111124969279,1654,1582824111124479055,,42.340454625,-71.0924612167,0.803,327630.508648,4689698.08125,5,19,T
1582824112032408011,1655,1582824112028598070,,42.34045644,-71.09246073,0.782,327630.5537,4689698.28181,5,19,T
1582824112927871479,1656,1582824112926549911,,42.34045813,-71.0924602867,0.803,327630.594839,4689698.46857,5,19,T
1582824114028947109,1657,1582824114027910947,,42.3404599317,-71.0924598633,0.768,327630.634637,4689698.66777,5,19,T
1582824115126117303,1658,1582824115125274896,,42.3404615683,-71.0924593383,0.812,327630.682359,4689698.84845,5,19,T
1582824116233233231,1659,1582824116228785991,,42.3404632833,-71.0924591633,0.815,327630.701462,4689699.03853,5,19,T
1582824117127250098,1660,1582824117126342058,,42.3404649017,-71.0924586217,0.793,327630.750506,4689699.21714,5,19,T
1582824118028224064,1661,1582824118026894092,,42.3404663383,-71.0924580883,0.839,327630.798368,4689699.37559,5,19,T
1582824118934316293,1662,1582824118932475090,,42.3404679433,-71.09245746,0.816,327630.854516,4689699.55253,5,19,T
1582824119828718432,1663,1582824119827382087,,42.340469385,-71.0924568333,0.832,327630.91008,4689699.71135,5,19,T
1582824120732596820,1664,1582824120729638099,,42.340470895,-71.0924557217,0.843,327631.005785,4689699.87677,5,19,T
1582824121625863184,1665,1582824121624923944,,42.34047238,-71.0924546483,0.791,327631.098264,4689700.03949,5,19,T
1582824122527763416,1666,1582824122526432037,,42.3404740883,-71.092453925,0.792,327631.162521,4689700.22772,5,19,T
1582824123427119801,1667,1582824123425820112,,42.3404756583,-71.0924531683,0.865,327631.229145,4689700.40053,5,19,T
1582824124330748876,1668,1582824124326898097,,42.34047693,-71.0924519167,0.858,327631.335732,4689700.5392,5,19,T
1582824125232672350,1669,1582824125227622985,,42.34047846,-71.092450755,0.83,327631.435611,4689700.70674,5,19,T
1582824126125036290,1670,1582824126124476909,,42.340480055,-71.092449375,0.825,327631.553653,4689700.88105,5,19,T
1582824126926109304,1671,1582824126924825906,,42.3404811017,-71.0924480533,0.852,327631.665392,4689700.9946,5,19,T
1582824127830743557,1672,1582824127827167987,,42.3404826333,-71.09244644,0.813,327631.802484,4689701.16141,5,19,T
1582824128727626571,1673,1582824128726573944,,42.3404840283,-71.092445085,0.798,327631.917921,4689701.31357,5,19,T
1582824129628944534,1674,1582824129627598047,,42.340485415,-71.0924437383,0.828,327632.032648,4689701.46481,5,19,T
1582824130532226501,1675,1582824130528794050,,42.34048693,-71.0924424267,0.829,327632.144843,4689701.63038,5,19,T
1582824131627004733,1676,1582824131625721931,,42.3404882883,-71.0924409683,0.815,327632.268692,4689701.77826,5,19,T
1582824132530317230,1677,1582824132529026985,,42.34048963,-71.0924395433,0.808,327632.389749,4689701.92435,5,19,T
1582824133430362459,1678,1582824133428719043,,42.3404909667,-71.0924382183,0.822,327632.502555,4689702.07009,5,19,T
1582824134526925039,1679,1582824134525847911,,42.3404687733,-71.0922050433,0.197,327651.650836,4689699.13302,5,19,T
1582824135429833300,1680,1582824135428571939,,42.340468015,-71.092202895,0.194,327651.825743,4689699.04445,5,19,T
1582824136329207506,1681,1582824136327918052,,42.3404670383,-71.09220062,0.179,327652.010489,4689698.93139,5,19,T
1582824137233807398,1682,1582824137230042934,,42.3404658083,-71.0921987267,0.156,327652.163101,4689698.79097,5,19,T
1582824138327697298,1683,1582824138326395988,,42.3404646633,-71.0921967433,0.106,327652.323359,4689698.65981,5,19,T
1582824139230913878,1684,1582824139227327108,,42.3404636817,-71.092194775,0.055,327652.482828,4689698.54681,5,19,T
1582824140327162267,1685,1582824140326095104,,42.3404627683,-71.0921930317,0.147,327652.623948,4689698.44186,5,19,T
1582824141427222960,1686,1582824141425931930,,42.34046161,-71.0921910967,0.155,327652.780188,4689698.30931,5,19,T
1582824142532669226,1687,1582824142528949975,,42.3404609517,-71.092189115,0.161,327652.941639,4689698.23219,5,19,T
1582824143626999259,1688,1582824143626077890,,42.3404599617,-71.0921871583,0.169,327653.100124,4689698.11829,5,19,T
1582824144727846595,1689,1582824144726910114,,42.340459065,-71.0921849817,0.12,327653.276988,4689698.01431,5,19,T
1582824145836595028,1690,1582824145830156087,,42.340458205,-71.0921829467,0.154,327653.442281,4689697.91469,5,19,T
1582824146931729870,1691,1582824146928131103,,42.3404573183,-71.092180745,0.135,327653.621231,4689697.81177,5,19,T
1582824147828730434,1692,1582824147827770948,,42.34045657,-71.0921786833,0.136,327653.789027,4689697.7245,5,19,T
1582824148732645313,1693,1582824148728475093,,42.34045581,-71.0921764883,0.083,327653.967774,4689697.63566,5,19,T
1582824149829891084,1694,1582824149828382015,,42.3404551367,-71.0921743417,0.078,327654.142777,4689697.55654,5,19,T
1582824150925497869,1695,1582824150924225091,,42.340454265,-71.0921722417,0.078,327654.313393,4689697.45549,5,19,T
1582824152025391728,1696,1582824152024188995,,42.3404534433,-71.0921702017,0.08,327654.479203,4689697.36011,5,19,T
1582824153132600299,1697,1582824153128710985,,42.3404053333,-71.0920238517,0.335,327666.404061,4689691.72122,5,19,T
1582824154230246610,1698,1582824154229684114,,42.34040447,-71.09202174,0.296,327666.575661,4689691.62107,5,19,T
1582824155329991084,1699,1582824155326246976,,42.34040327,-71.0920199767,0.328,327666.717646,4689691.48425,5,19,T
1582824156432965806,1700,1582824156429311037,,42.3404022933,-71.092017995,0.313,327666.878227,4689691.37178,5,19,T
1582824157533203566,1701,1582824157529702901,,42.3404013817,-71.092015965,0.357,327667.042968,4689691.26643,5,19,T
1582824158624588592,1702,1582824158623852968,,42.340400415,-71.09201381,0.358,327667.217856,4689691.15472,5,19,T
1582824159730610566,1703,1582824159727019071,,42.3403995067,-71.0920116033,0.416,327667.397159,4689691.04939,5,19,T
1582824160832159620,1704,1582824160828588962,,42.340398815,-71.0920094733,0.351,327667.570739,4689690.96827,5,19,T
1582824161930673920,1705,1582824161927047967,,42.3403979767,-71.09200743,0.335,327667.736778,4689690.87103,5,19,T
1582824163032202005,1706,1582824163028917074,,42.3403973183,-71.0920053483,0.352,327667.906467,4689690.79371,5,19,T
1582824164126252699,1707,1582824164125726938,,42.34039666,-71.0920029883,0.356,327668.099086,4689690.71583,5,19,T
1582824165231856365,1708,1582824165228104114,,42.3403958517,-71.092000915,0.391,327668.267678,4689690.62186,5,19,T
1582824166330818688,1709,1582824166327245950,,42.340395115,-71.0919989417,0.322,327668.428229,4689690.53606,5,19,T
1582824167431238795,1710,1582824167427663087,,42.34039435,-71.0919968817,0.332,327668.595842,4689690.44694,5,19,T
1582824168532036866,1711,1582824168528429985,,42.3403935667,-71.0919948983,0.361,327668.757088,4689690.35594,5,19,T
1582824169633446748,1712,1582824169629489898,,42.3403928433,-71.09199311,0.372,327668.902435,4689690.27199,5,19,T
1582824170732420371,1713,1582824170728797912,,42.34039182,-71.0919911883,0.361,327669.057946,4689690.15446,5,19,T
1582824171834454015,1714,1582824171829886913,,42.340390925,-71.09198916,0.347,327669.222595,4689690.05097,5,19,T
1582824172932412944,1715,1582824172928580999,,42.3403899417,-71.0919870767,0.317,327669.391534,4689689.93756,5,19,T
1582824174033932470,1716,1582824174030421972,,42.3403896117,-71.0919854683,0.341,327669.523126,4689689.89765,5,19,T
1582824175131723383,1717,1582824175127892017,,42.3403891083,-71.0919837217,0.261,327669.665642,4689689.83822,5,19,T
1582824176232963515,1718,1582824176229216098,,42.3402983483,-71.0918208033,0.697,327682.838914,4689679.42982,5,19,T
1582824177324279282,1719,1582824177323683023,,42.3402973767,-71.0918188217,0.683,327682.999509,4689679.31791,5,19,T
1582824178431225438,1720,1582824178428355932,,42.3402963417,-71.0918171267,0.729,327683.136316,4689679.19954,5,19,T
1582824179631826797,1721,1582824179628195047,,42.3402951533,-71.09181524,0.748,327683.288494,4689679.06376,5,19,T
1582824180734523273,1722,1582824180730715990,,42.3402941283,-71.0918131917,0.689,327683.454436,4689678.94579,5,19,T
1582824181836351892,1723,1582824181832149982,,42.3402933167,-71.0918111717,0.691,327683.618626,4689678.85157,5,19,T
1582824182930910593,1724,1582824182927237987,,42.3402923467,-71.0918090583,0.727,327683.790073,4689678.73958,5,19,T
1582824184032641592,1725,1582824184029131889,,42.340291345,-71.0918071667,0.771,327683.943172,4689678.62451,5,19,T
1582824184926964583,1726,1582824184926043033,,42.3402902717,-71.0918053383,0.8,327684.090859,4689678.50162,5,19,T
1582824185833590800,1727,1582824185829616069,,42.3402891867,-71.0918035083,0.833,327684.23865,4689678.37743,5,19,T
1582824186726484003,1728,1582824186725574016,,42.3402881017,-71.091801395,0.841,327684.409783,4689678.25267,5,19,T
1582824187632741197,1729,1582824187629389047,,42.34028714,-71.091799225,0.85,327684.585921,4689678.14149,5,19,T
1582824188730480512,1730,1582824188728760957,,42.3402864083,-71.0917972383,0.942,327684.747584,4689678.05621,5,19,T
1582824189826528642,1731,1582824189825431108,,42.3402853867,-71.0917953,0.949,327684.904473,4689677.93884,5,19,T
1582824190928632919,1732,1582824190926995038,,42.340284245,-71.091793385,0.948,327685.059112,4689677.80818,5,19,T
1582824192032530519,1733,1582824192028826951,,42.3402834967,-71.0917915767,1.026,327685.206039,4689677.72142,5,19,T
1582824193126675170,1734,1582824193125950098,,42.3402824717,-71.0917896233,1.029,327685.364154,4689677.60364,5,19,T
1582824194237029043,1735,1582824194233423948,,42.3402817117,-71.0917876683,1.034,327685.523131,4689677.51529,5,19,T
1582824195328661096,1736,1582824195327321052,,42.3402810417,-71.0917854167,1.034,327685.706794,4689677.43633,5,19,T
1582824196432859904,1737,1582824196429106950,,42.3402802883,-71.091783325,1.042,327685.877048,4689677.34844,5,19,T
1582824197528114206,1738,1582824197527570009,,42.3402793367,-71.0917814767,0.981,327686.026714,4689677.23902,5,19,T
1582824198628778749,1739,1582824198627468109,,42.3402786833,-71.0917799833,1.12,327686.14795,4689677.16344,5,19,T
1582824199732660052,1740,1582824199728960037,,42.340277645,-71.0917780483,1.11,327686.304519,4689677.04422,5,19,T
1582824200836977768,1741,1582824200829014062,,42.3402768167,-71.0917761867,1.15,327686.455621,4689676.94847,5,19,T
1582824203030038268,1742,1582824203026310920,,42.340165865,-71.0917745883,1.792,327686.284205,4689664.62488,5,19,T
1582824204239985539,1743,1582824204239788055,,42.3401643017,-71.0917756017,1.798,327686.196455,4689664.45334,5,19,T
1582824205435478870,1744,1582824205432169914,,42.3401630383,-71.0917764867,1.781,327686.120098,4689664.31485,5,19,T
1582824206724678542,1745,1582824206724119901,,42.3401616333,-71.0917776383,1.78,327686.021385,4689664.16117,5,19,T
1582824208025200142,1746,1582824208024744987,,42.3401603417,-71.09177901,1.789,327685.904858,4689664.02052,5,19,T
1582824209240323732,1747,1582824209239780902,,42.3401591867,-71.0917804217,1.812,327685.78541,4689663.89513,5,19,T
1582824210433616007,1748,1582824210429832935,,42.3401578833,-71.0917814867,1.809,327685.694114,4689663.75256,5,19,T
1582824211637221750,1749,1582824211636761903,,42.3401563567,-71.091782605,1.815,327685.597815,4689663.5853,5,19,T
1582824212827948013,1750,1582824212827383041,,42.340154925,-71.0917836117,1.848,327685.510975,4689663.42837,5,19,T
1582824214125693262,1751,1582824214124933004,,42.3401535383,-71.09178467,1.807,327685.420001,4689663.27653,5,19,T
1582824215328432395,1752,1582824215327975988,,42.340152055,-71.0917857967,1.803,327685.323134,4689663.1141,5,19,T
1582824216531786661,1753,1582824216527955055,,42.34015057,-71.0917870283,1.819,327685.217613,4689662.9517,5,19,T
1582824217737039431,1754,1582824217736577033,,42.3401493017,-71.0917880233,1.84,327685.132179,4689662.81288,5,19,T
1582824218932351707,1755,1582824218928541898,,42.3401476933,-71.091789055,1.825,327685.042797,4689662.63638,5,19,T
1582824220130489636,1756,1582824220129981040,,42.3401461,-71.0917897867,1.814,327684.978169,4689662.46093,5,19,T
1582824221331150623,1757,1582824221327553987,,42.34014472,-71.0917907783,1.858,327684.892706,4689662.3097,5,19,T
1582824222531128168,1758,1582824222530579090,,42.3401432167,-71.0917916033,1.849,327684.820635,4689662.14444,5,19,T
1582824223732727113,1759,1582824223729068040,,42.3401416833,-71.09179243,1.858,327684.748346,4689661.97585,5,19,T
1582824224935302126,1760,1582824224935156106,,42.340140205,-71.0917933283,1.87,327684.670302,4689661.81351,5,19,T
1582824226126805893,1761,1582824226126584053,,42.3401386267,-71.0917941567,1.888,327684.597753,4689661.63993,5,19,T
1582824226327836230,1762,1582824226327117919,,42.3399566433,-71.09191199,1.621,327674.393452,4689641.67087,5,19,T
1582824227430865299,1763,1582824227427275896,,42.3399544733,-71.0919123983,1.649,327674.353885,4689641.43073,5,19,T
1582824228533059489,1764,1582824228529521942,,42.339953185,-71.09191374,1.697,327674.239838,4689641.29039,5,19,T
1582824229632819282,1765,1582824229629164934,,42.33995171,-71.0919152833,1.663,327674.108668,4689641.12973,5,19,T
1582824230833031536,1766,1582824230832412004,,42.339950315,-71.0919161817,1.668,327674.030852,4689640.97665,5,19,T
1582824232125321428,1767,1582824232124638080,,42.3399484067,-71.0919176083,1.66,327673.908109,4689640.76763,5,19,T
1582824233334125735,1768,1582824233334001064,,42.3399469517,-71.0919187017,1.689,327673.814065,4689640.60828,5,19,T
1582824234537720088,1769,1582824234531472921,,42.3399454783,-71.0919197133,1.674,327673.726698,4689640.44673,5,19,T
1582824235736384363,1770,1582824235736248016,,42.3399442033,-71.0919209067,1.751,327673.624908,4689640.30757,5,19,T
1582824236834309941,1771,1582824236830687046,,42.3399427117,-71.0919221017,1.783,327673.522388,4689640.14435,5,19,T
1582824238031423764,1772,1582824238030612945,,42.3399411417,-71.09192327,1.716,327673.421851,4689639.97238,5,19,T
1582824239124442545,1773,1582824239124212980,,42.339939625,-71.0919246383,1.795,327673.304983,4689639.80674,5,19,T
1582824240176650507,1774,1582824240172935962,,42.3399382733,-71.091925945,1.8,327673.193647,4689639.6593,5,19,T
1582824241337133491,1775,1582824241330859899,,42.3399362167,-71.091926895,1.737,327673.109767,4689639.43285,5,19,T
1582824242633121317,1776,1582824242629607915,,42.3399342033,-71.09192781,1.705,327673.028888,4689639.21114,5,19,T
1582824243829310419,1777,1582824243829085111,,42.3399324567,-71.0919291517,1.688,327672.913589,4689639.0199,5,19,T
1582824244931082468,1778,1582824244927547931,,42.3399307367,-71.09193033,1.649,327672.811819,4689638.8313,5,19,T
1582824246137025063,1779,1582824246136881113,,42.33992924,-71.0919316017,1.674,327672.702969,4689638.66768,5,19,T
1582824247333120572,1780,1582824247329545021,,42.3399278533,-71.0919325833,1.75,327672.618311,4689638.51569,5,19,T
1582824248528858412,1781,1582824248528189897,,42.3399265033,-71.0919338167,1.774,327672.51302,4689638.36828,5,19,T
1582824249726695423,1782,1582824249725866079,,42.3399248067,-71.0919347633,1.753,327672.430398,4689638.1818,5,19,T
1582824251025942201,1783,1582824251025408983,,42.3399232033,-71.0919358767,1.779,327672.334301,4689638.00602,5,19,T
1582824252237822963,1784,1582824252237302064,,42.339921595,-71.0919369667,1.801,327672.240112,4689637.82963,5,19,T
1582824253432508150,1785,1582824253428910970,,42.3399201783,-71.0919383817,1.754,327672.119674,4689637.67519,5,19,T
1582824254630237128,1786,1582824254630001068,,42.339918535,-71.0919397267,1.79,327672.004382,4689637.49544,5,19,T
1582824255733250795,1787,1582824255729707956,,42.3399166067,-71.0919410483,1.749,327671.890235,4689637.28399,5,19,T
1582824256734061599,1788,1582824256730452060,,42.3397642083,-71.092161975,1.761,327653.273785,4689620.80909,5,19,T
1582824257830389528,1789,1582824257826793909,,42.3397633283,-71.0921640833,1.702,327653.097694,4689620.71565,5,19,T
1582824258735446491,1790,1582824258731578111,,42.33976269,-71.0921662917,1.868,327652.914026,4689620.64924,5,19,T
1582824259734522941,1791,1582824259730603933,,42.3397616733,-71.0921679233,1.801,327652.77683,4689620.53966,5,19,T
1582824260832815860,1792,1582824260829252004,,42.3397605983,-71.092169925,1.802,327652.608994,4689620.42435,5,19,T
1582824261733206248,1793,1582824261729298114,,42.3397600917,-71.0921720367,1.784,327652.433649,4689620.37236,5,19,T
1582824262629700349,1794,1582824262626188039,,42.339759225,-71.092174015,1.752,327652.268304,4689620.28014,5,19,T
1582824263633581912,1795,1582824263630219936,,42.339758665,-71.092176085,1.756,327652.096246,4689620.22215,5,19,T
1582824264631176585,1796,1582824264627557992,,42.3397578617,-71.092178075,1.737,327651.930113,4689620.13698,5,19,T
1582824265733834893,1797,1582824265729937076,,42.3397576883,-71.09218081,1.85,327651.704328,4689620.12328,5,19,T
1582824266832593476,1798,1582824266829252958,,42.339757245,-71.0921830733,1.889,327651.516662,4689620.07863,5,19,T
1582824267834863650,1799,1582824267831486940,,42.3397563717,-71.09218503,1.912,327651.353084,4689619.98562,5,19,T
1582824268931528135,1800,1582824268927967071,,42.3397551917,-71.0921868917,1.78,327651.196494,4689619.85837,5,19,T
1582824270124200970,1801,1582824270123687028,,42.3397543617,-71.0921892567,1.881,327650.999396,4689619.771,5,19,T
1582824271330644023,1802,1582824271326749086,,42.3397532067,-71.0921901883,1.9,327650.919489,4689619.64463,5,19,T
1582824272432043158,1803,1582824272428406000,,42.3397525183,-71.0921929167,2.02,327650.692846,4689619.57373,5,19,T
1582824273531766345,1804,1582824273528100967,,42.3397512867,-71.0921943083,1.82,327650.574834,4689619.43978,5,19,T
1582824274630513545,1805,1582824274626900911,,42.3397508667,-71.0921967483,1.876,327650.372677,4689619.39809,5,19,T
1582824275829236771,1806,1582824275828571081,,42.339748595,-71.0921982233,1.915,327650.244959,4689619.14883,5,19,T
1582824276872481823,1807,1582824276868148088,,42.3397497533,-71.092201,1.997,327650.01938,4689619.28308,5,19,T
1582824277932036232,1808,1582824277928462028,,42.3397489817,-71.0922015167,1.359,327649.974708,4689619.19844,5,19,T
1582824279031784620,1809,1582824279028172016,,42.3397491733,-71.0922026417,1.121,327649.882553,4689619.222,5,19,T
1582824280124350126,1810,1582824280124089956,,42.339748195,-71.0922047517,1.188,327649.706057,4689619.11764,5,19,T
1582824281231535257,1811,1582824281227801084,,42.3397470967,-71.0922071117,1.153,327649.508637,4689619.00046,5,19,T
1582824282331891357,1812,1582824282328305959,,42.33974319,-71.09221118,2.452,327649.162811,4689618.5749,5,19,T
1582824283332697348,1813,1582824283329329013,,42.3397451767,-71.0922116467,1.593,327649.129794,4689618.79646,5,19,T
1582824284431376963,1814,1582824284427917003,,42.33971131,-71.0924367617,0.542,327630.492095,4689615.49215,5,19,T
1582824285629306523,1815,1582824285628699064,,42.339711835,-71.0924378883,0.564,327630.400714,4689615.55274,5,19,T
1582824286832722532,1816,1582824286829065084,,42.339711985,-71.0924389667,0.569,327630.31229,4689615.57158,5,19,T
1582824288123982525,1817,1582824288123416900,,42.3397120183,-71.0924400817,0.479,327630.220526,4689615.57754,5,19,T
1582824289330046585,1818,1582824289329847097,,42.3397118683,-71.0924414633,0.486,327630.106293,4689615.56368,5,19,T
1582824290631482056,1819,1582824290627958059,,42.33971163,-71.09244247,0.431,327630.022712,4689615.53926,5,19,T
1582824291931840362,1820,1582824291930552005,,42.3397116767,-71.092443545,0.428,327629.93428,4689615.54662,5,19,T
1582824293224217889,1821,1582824293223674058,,42.3397116317,-71.0924440183,0.397,327629.895164,4689615.54258,5,19,T
1582824294525541369,1822,1582824294525010108,,42.3397112883,-71.0924445517,0.462,327629.850289,4689615.50554,5,19,T
1582824295729762913,1823,1582824295729559898,,42.339710915,-71.092444965,0.499,327629.815218,4689615.46492,5,19,T
1582824296831915441,1824,1582824296828144073,,42.3397107,-71.0924451867,0.457,327629.796369,4689615.4415,5,19,T
1582824297936061253,1825,1582824297932421922,,42.33971063,-71.0924452533,0.454,327629.790686,4689615.43386,5,19,T
1582824299042380721,1826,1582824299030334949,,42.33971074,-71.0924453083,0.442,327629.786456,4689615.44619,5,19,T
1582824300132400308,1827,1582824300128861904,,42.33971103,-71.0924453533,0.471,327629.783541,4689615.47848,5,19,T
1582824301234046186,1828,1582824301230107069,,42.33971123,-71.0924453133,0.518,327629.787383,4689615.50061,5,19,T
1582824302335403358,1829,1582824302331130027,,42.3397114933,-71.092445435,0.573,327629.778079,4689615.53009,5,19,T
1582824303435806234,1830,1582824303432197093,,42.3397116383,-71.0924454583,0.641,327629.776553,4689615.54624,5,19,T
1582824304533220646,1831,1582824304529815912,,42.3397117583,-71.0924454433,0.66,327629.778117,4689615.55954,5,19,T
1582824305634477175,1832,1582824305630973100,,42.3397737817,-71.0924674367,1.881,327628.135771,4689622.49135,5,19,T
1582824306731378895,1833,1582824306727685928,,42.3397742583,-71.09246846,1.954,327628.052771,4689622.54635,5,19,T
1582824307831667905,1834,1582824307828054904,,42.3397748633,-71.092469245,1.957,327627.989755,4689622.61512,5,19,T
1582824308933263442,1835,1582824308929703950,,42.33977531,-71.0924700667,1.987,327627.923286,4689622.66639,5,19,T
1582824310027854203,1836,1582824310026726961,,42.33977548,-71.0924712467,2.07,327627.826541,4689622.68766,5,19,T
1582824311125992124,1837,1582824311125416994,,42.3397757933,-71.0924721367,2.154,327627.754079,4689622.72426,5,19,T
1582824312337231357,1838,1582824312337081909,,42.33977605,-71.0924730717,2.219,327627.677754,4689622.75465,5,19,T
1582824313531030324,1839,1582824313527359962,,42.3397764767,-71.0924740283,2.25,327627.600109,4689622.80397,5,19,T
1582824314631693223,1840,1582824314628029108,,42.3397768,-71.0924743017,2.216,327627.578475,4689622.84043,5,19,T
1582824315731011851,1841,1582824315727300882,,42.3397771967,-71.0924745083,2.18,327627.562534,4689622.88489,5,19,T
1582824316831420205,1842,1582824316827802896,,42.3397774417,-71.0924747833,2.215,327627.540548,4689622.91266,5,19,T
1582824317930566296,1843,1582824317926888942,,42.3397777483,-71.092475,2.298,327627.523537,4689622.94715,5,19,T
1582824319032198288,1844,1582824319027997016,,42.3397778183,-71.0924751667,2.351,327627.509998,4689622.95526,5,19,T
1582824320237659977,1845,1582824320237457990,,42.3397779117,-71.0924753533,2.385,327627.494876,4689622.966,5,19,T
1582824321432238633,1846,1582824321428641080,,42.3397779367,-71.09247542,2.403,327627.489452,4689622.96891,5,19,T
1582824322635172046,1847,1582824322634643077,,42.33977791,-71.0924755167,2.429,327627.481416,4689622.96615,5,19,T
1582824323832375874,1848,1582824323827665090,,42.3397779617,-71.09247546,2.443,327627.486225,4689622.97177,5,19,T
1582824325038539183,1849,1582824325037890911,,42.3397779567,-71.0924754917,2.469,327627.483603,4689622.97128,5,19,T
1582824326231519426,1850,1582824326227940082,,42.3397781017,-71.0924753933,2.451,327627.4921,4689622.98718,5,19,T
1582824327433166530,1851,1582824327432967901,,42.3397781983,-71.092475275,2.435,327627.502112,4689622.99767,5,19,T
1582824327625749686,1852,1582824327624721050,,42.3398895483,-71.0925385983,2.432,327622.589771,4689635.49063,5,19,T
1582824328842183492,1853,1582824328842053890,,42.3398898767,-71.09253723,2.344,327622.703392,4689635.52431,5,19,T
1582824330124931010,1854,1582824330124298095,,42.3398904233,-71.0925365117,2.449,327622.764063,4689635.58356,5,19,T
1582824331328304590,1855,1582824331327778100,,42.339890945,-71.0925350867,2.397,327622.882881,4689635.6386,5,19,T
1582824332541151143,1856,1582824332531711101,,42.3398913967,-71.092533625,2.425,327623.004528,4689635.68579,5,19,T
1582824333727592889,1857,1582824333727021932,,42.3398922967,-71.09253155,2.388,327623.177927,4689635.78152,5,19,T
1582824334931869103,1858,1582824334928215026,,42.3398928717,-71.09252969,2.399,327623.332727,4689635.8416,5,19,T
1582824336225113465,1859,1582824336224579095,,42.3398933183,-71.09252761,2.367,327623.505299,4689635.88698,5,19,T
1582824337438919809,1860,1582824337438411951,,42.3398937833,-71.09252574,2.378,327623.660621,4689635.93482,5,19,T
1582824338532686960,1861,1582824338528944969,,42.3398944217,-71.0925239083,2.409,327623.81326,4689636.00199,5,19,T
1582824339825696973,1862,1582824339825170040,,42.3398951033,-71.09252199,2.38,327623.973156,4689636.0738,5,19,T
1582824341125067488,1863,1582824341124541044,,42.3398961083,-71.092520255,2.366,327624.118833,4689636.18188,5,19,T
1582824342335689851,1864,1582824342335505008,,42.3398969767,-71.092518385,2.446,327624.275257,4689636.27451,5,19,T
1582824343643386412,1865,1582824343631155967,,42.3398975383,-71.09251613,2.381,327624.46256,4689636.33231,5,19,T
1582824344923475494,1866,1582824344923273086,,42.33989827,-71.09251431,2.447,327624.614492,4689636.40986,5,19,T
1582824346031658784,1867,1582824346028088092,,42.3398985933,-71.0925121583,2.376,327624.792632,4689636.4414,5,19,T
1582824347132358056,1868,1582824347128673076,,42.3398991483,-71.0925104,2.399,327624.939001,4689636.49947,5,19,T
1582824348231419901,1869,1582824348227776050,,42.3398997483,-71.0925080717,2.33,327625.13245,4689636.56137,5,19,T
1582824349332903040,1870,1582824349329225063,,42.33990035,-71.09250583,2.351,327625.318764,4689636.62364,5,19,T
1582824350430486735,1871,1582824350426852941,,42.3399007667,-71.0925036333,2.379,327625.500865,4689636.66545,5,19,T
1582824351531864662,1872,1582824351528321981,,42.339901265,-71.092501595,2.33,327625.670146,4689636.71666,5,19,T
1582824352827728047,1873,1582824352827203989,,42.3399016117,-71.0924994083,2.316,327625.851232,4689636.75072,5,19,T
1582824354038432183,1874,1582824354038184881,,42.33990212,-71.0924973733,2.365,327626.020266,4689636.80304,5,19,T
1582824355126778232,1875,1582824355126168966,,42.33996964,-71.092286165,1.858,327643.604226,4689643.87247,5,19,T
1582824356032909168,1876,1582824356029371976,,42.33997024,-71.0922841683,1.863,327643.770352,4689643.93504,5,19,T
1582824356932856153,1877,1582824356929241895,,42.3399709717,-71.0922820833,1.836,327643.944114,4689644.01206,5,19,T
1582824357832549289,1878,1582824357828953027,,42.33997177,-71.0922801517,1.833,327644.105428,4689644.0968,5,19,T
1582824358732877383,1879,1582824358729295015,,42.3399723067,-71.0922781367,1.813,327644.272891,4689644.1523,5,19,T
1582824359532386687,1880,1582824359528598070,,42.3399730433,-71.092276295,1.78,327644.426621,4689644.23037,5,19,T
1582824360328942884,1881,1582824360327840089,,42.33997375,-71.0922742233,1.849,327644.599217,4689644.30464,5,19,T
1582824361232145781,1882,1582824361228400945,,42.339974385,-71.09227237,1.833,327644.75363,4689644.3714,5,19,T
1582824362124756995,1883,1582824362124232053,,42.3399749083,-71.0922703583,1.809,327644.920782,4689644.42543,5,19,T
1582824362931686077,1884,1582824362927695035,,42.3399750683,-71.0922684517,1.794,327645.078292,4689644.43933,5,19,T
1582824363730867789,1885,1582824363727132081,,42.3399755033,-71.0922666233,1.807,327645.230099,4689644.48393,5,19,T
1582824364633356402,1886,1582824364628607034,,42.3399758767,-71.0922647,1.759,327645.389565,4689644.52149,5,19,T
1582824365431689113,1887,1582824365427638053,,42.3399760667,-71.0922630267,1.782,327645.527934,4689644.53919,5,19,T
1582824366331798788,1888,1582824366327604055,,42.3399761933,-71.0922614,1.807,327645.662286,4689644.54996,5,19,T
1582824367227062745,1889,1582824367226573944,,42.33997594,-71.0922600367,1.778,327645.773905,4689644.51907,5,19,T
1582824368234059856,1890,1582824368230602025,,42.3399754183,-71.0922587717,1.767,327645.876691,4689644.45858,5,19,T
1582824369232754435,1891,1582824369228715896,,42.3399746083,-71.0922574933,1.801,327645.979788,4689644.36604,5,19,T
1582824370331646249,1892,1582824370328017950,,42.3399738083,-71.092256165,1.796,327646.087031,4689644.27451,5,19,T
1582824371430607849,1893,1582824371426738023,,42.3399729,-71.0922548517,1.822,327646.192742,4689644.17099,5,19,T
1582824372531412137,1894,1582824372527730941,,42.339971915,-71.092253525,1.772,327646.299342,4689644.05892,5,19,T
1582824373631619526,1895,1582824373627916097,,42.33997066,-71.09225194,1.762,327646.426486,4689643.91635,5,19,T
1582824374731406098,1896,1582824374727468967,,42.3399692783,-71.0922510283,1.744,327646.497815,4689643.76108,5,19,T
1582824375829728402,1897,1582824375829066038,,42.3399680433,-71.0922504483,1.76,327646.542221,4689643.62277,5,19,T
1582824376831577329,1898,1582824376827950954,,42.3399664583,-71.0922499417,1.82,327646.57963,4689643.44574,5,19,T
1582824377632152854,1899,1582824377628457069,,42.33982354,-71.0921866833,1.587,327651.4004,4689627.44751,5,19,T
1582824378831168432,1900,1582824378830652952,,42.3398220433,-71.0921868367,1.573,327651.383679,4689627.28163,5,19,T
1582824380032273325,1901,1582824380028472900,,42.3398200933,-71.0921868767,1.57,327651.375056,4689627.06518,5,19,T
1582824381230848630,1902,1582824381230309963,,42.339818615,-71.092186625,1.566,327651.391749,4689626.90051,5,19,T
1582824382431665151,1903,1582824382427910089,,42.3398173417,-71.0921861983,1.5,327651.423419,4689626.75825,5,19,T
1582824383630307798,1904,1582824383629793882,,42.339815805,-71.0921852817,1.608,327651.494736,4689626.58576,5,19,T
1582824384731163331,1905,1582824384727535009,,42.3398139533,-71.0921840067,1.725,327651.594713,4689626.37756,5,19,T
1582824385831502584,1906,1582824385827797889,,42.339811925,-71.0921833783,1.596,327651.640933,4689626.15105,5,19,T
1582824387030630951,1907,1582824387030024051,,42.3398107133,-71.0921829067,1.556,327651.676479,4689626.01555,5,19,T
1582824388231760696,1908,1582824388228136062,,42.3398095533,-71.09218244,1.596,327651.711754,4689625.8858,5,19,T
1582824389428829721,1909,1582824389428303956,,42.3398075967,-71.0921810733,1.507,327651.818995,4689625.66575,5,19,T
1582824390432057692,1910,1582824390428355932,,42.3398046683,-71.0921781883,1.221,327652.048662,4689625.33474,5,19,T
1582824391530162696,1911,1582824391526289939,,42.3398042533,-71.09217811,0.962,327652.053982,4689625.28849,5,19,T
1582824392631313682,1912,1582824392627846956,,42.3398035417,-71.0921774117,1.354,327652.109567,4689625.20805,5,19,T
1582824393640893616,1913,1582824393630925893,,42.3397987783,-71.0921765817,0.962,327652.164928,4689624.67744,5,19,T
1582824394629703670,1914,1582824394625674009,,42.33979371,-71.092175415,0.574,327652.247191,4689624.11227,1,19,T
1582824395743786293,1915,1582824395731638908,,42.3397952783,-71.0921743867,0.873,327652.336191,4689624.28434,5,19,T
1582824396725044597,1916,1582824396724481105,,42.33979362,-71.092173015,0.873,327652.444659,4689624.09741,5,19,T
1582824397832522949,1917,1582824397828704118,,42.3397951433,-71.0921719067,0.896,327652.540127,4689624.26432,5,19,T
1582824398929762524,1918,1582824398926008939,,42.33979202,-71.092171035,0.844,327652.603402,4689623.91573,5,19,T
1582824399932994447,1919,1582824399929197072,,42.3397909267,-71.09217121,0.924,327652.585998,4689623.79468,5,19,T
1582824400923105320,1920,1582824400922559976,,42.3397922267,-71.0921653617,1.124,327653.07134,4689623.92718,5,19,T
1582824402045027409,1921,1582824402043862104,,42.3396959333,-71.092343195,4.217,327638.158182,4689613.59501,5,19,T
1582824403129449541,1922,1582824403128922939,,42.3396950817,-71.0923450017,4.11,327638.00702,4689613.50411,5,19,T
1582824404231294337,1923,1582824404227659940,,42.339694095,-71.0923468467,4.096,327637.852331,4689613.39828,5,19,T
1582824405334009032,1924,1582824405329926013,,42.3396933267,-71.0923490383,4.179,327637.66968,4689613.31741,5,19,T
1582824406427539911,1925,1582824406426227092,,42.3396925667,-71.0923509917,4.148,327637.506686,4689613.23698,5,19,T
1582824407530593814,1926,1582824407529314041,,42.3396917667,-71.0923529933,4.146,327637.339601,4689613.1522,5,19,T
1582824408631184016,1927,1582824408628437042,,42.3396908517,-71.09235507,4.172,327637.166024,4689613.05481,5,19,T
1582824409743655633,1928,1582824409731225013,,42.33968991,-71.0923569483,4.147,327637.008712,4689612.95405,5,19,T
1582824410832882041,1929,1582824410829513072,,42.339688985,-71.09235903,4.193,327636.834695,4689612.85555,5,19,T
1582824411926490815,1930,1582824411925445079,,42.339687985,-71.09236138,4.269,327636.638367,4689612.74928,5,19,T
1582824413031307218,1931,1582824413030078887,,42.33968701,-71.0923637383,4.324,327636.441422,4689612.64579,5,19,T
